﻿{"_id":{"$oid":"57506d62f57802807471dd3d"},"name":"Sun Bakery Trattoria","contact":{"phone":"386-555-0189","email":"SunBakeryTrattoria@example.org","location":[-74.0056649,40.7452371]},"stars":4,"categories":["Pizza","Pasta","Italian","Coffee","Sandwiches"]}
{"_id":{"$oid":"57506d62f57802807471dd3b"},"name":"Blue Bagels Grill","contact":{"phone":"786-555-0102","email":"BlueBagelsGrill@example.com","location":[-73.92506,40.8275556]},"stars":3,"categories":["Bagels","Cookies","Sandwiches"]}
{"_id":{"$oid":"57506d62f57802807471dd28"},"name":"XYZ Bagels Restaurant","contact":{"phone":"435-555-0190","email":"XYZBagelsRestaurant@example.net","location":[-74.0707363,40.59321569999999]},"stars":4,"categories":["Bagels","Sandwiches","Coffee"]}
{"_id":{"$oid":"57506d62f57802807471dd22"},"name":"Hot Bakery Cafe","contact":{"phone":"264-555-0171","email":"HotBakeryCafe@example.net","location":[-73.96485799999999,40.761899]},"stars":4,"categories":["Bakery","Cafe","Coffee","Dessert"]}
{"_id":{"$oid":"57506d62f57802807471dd39"},"name":"Green Feast Pizzeria","contact":{"phone":"840-555-0102","email":"GreenFeastPizzeria@example.com","location":[-74.1220973,40.6129407]},"stars":2,"categories":["Pizza","Italian"]}
{"_id":{"$oid":"57506d62f57802807471dd3a"},"name":"ZZZ Pasta Buffet","contact":{"phone":"769-555-0152","email":"ZZZPastaBuffet@example.com","location":[-73.9446421,40.7253944]},"stars":0,"categories":["Pasta","Italian","Buffet","Cafeteria"]}
{"_id":{"$oid":"57506d62f57802807471dd35"},"name":"XYZ Coffee Bar","contact":{"phone":"644-555-0193","email":"XYZCoffeeBar@example.net","location":[-74.0166091,40.6284767]},"stars":5,"categories":["Coffee","Cafe","Bakery","Chocolates"]}
{"_id":{"$oid":"57506d62f57802807471dd41"},"name":"456 Steak Restaurant","contact":{"phone":"990-555-0165","email":"456SteakRestaurant@example.com","location":[-73.9365108,40.8497077]},"stars":0,"categories":["Steak","Seafood"]}
{"_id":{"$oid":"57506d62f57802807471dd42"},"name":"456 Cookies Shop","contact":{"phone":"604-555-0149","email":"456CookiesShop@example.org","location":[-73.8850023,40.7494272]},"stars":4,"categories":["Bakery","Cookies","Cake","Coffee"]}
{"_id":{"$oid":"57506d62f57802807471dd44"},"name":"XYZ Steak Buffet","contact":{"phone":"229-555-0197","email":"XYZSteakBuffet@example.org","location":[-73.9799932,40.7660886]},"stars":3,"categories":["Steak","Salad","Chinese"]}