[
    {
        "Description": "", 
        "Image": "/wiki/File:MuryeongsTomb.jpg", 
        "Criteria": "Cultural: (ii)(iii)", 
        "Site": "Baekje Historic Areas", 
        "Area ha (acre)": "135 (330)", 
        "Location": "South Chungcheong, North Jeolla", 
        "Year": "2015"
    }, 
    {
        "Description": "", 
        "Image": "/wiki/File:Korea-Gwangju-Gochang_Dolmens_5350-06.JPG", 
        "Criteria": "Cultural: (iii)", 
        "Site": "Gochang, Hwasun and Ganghwa Dolmen Sites", 
        "Area ha (acre)": "", 
        "Location": "Incheon, North Jeolla, South Jeolla", 
        "Year": "2000"
    }, 
    {
        "Description": "", 
        "Image": "/wiki/File:Juhamnu,_Changdeokgung_-_Seoul,_Korea.JPG", 
        "Criteria": "Cultural: (ii)(iii)(iv)", 
        "Site": "Changdeokgung Palace Complex", 
        "Area ha (acre)": "", 
        "Location": "Seoul", 
        "Year": "1997"
    }, 
    {
        "Description": "", 
        "Image": "/wiki/File:Korea-Gyeongju-Bunhwangsa-Lanterns-03.jpg", 
        "Criteria": "Cultural: (ii)(iii)", 
        "Site": "Gyeongju Historic Areas", 
        "Area ha (acre)": "2,880 (7,100)", 
        "Location": "North Gyeongsang", 
        "Year": "2000"
    }, 
    {
        "Description": "", 
        "Image": "/wiki/File:Haeinsa_Temple_(6222053899).jpg", 
        "Criteria": "Cultural: (iv)(vi)", 
        "Site": "Haeinsa Temple Janggyeong Panjeon, the Depositories for the Tripitaka Koreana Woodblocks", 
        "Area ha (acre)": "", 
        "Location": "South Gyeongsang", 
        "Year": "1995"
    }, 
    {
        "Description": "", 
        "Image": "/wiki/File:Hahoe_8784.jpg", 
        "Criteria": "Cultural: (iii)(iv)", 
        "Site": "Historic Villages of Korea: Hahoe and Yangdong", 
        "Area ha (acre)": "600 (1,500)", 
        "Location": "North Gyeongsang", 
        "Year": "2010"
    }, 
    {
        "Description": "", 
        "Image": "/wiki/File:Hwaseong2.jpg", 
        "Criteria": "Cultural: (ii)(iii)", 
        "Site": "Hwaseong Fortress", 
        "Area ha (acre)": "", 
        "Location": "Gyeonggi", 
        "Year": "1997"
    }, 
    {
        "Description": "", 
        "Image": "/wiki/File:KOCIS_Halla_Mountain_in_Jeju-do_(6387785543).jpg", 
        "Criteria": "Natural: (vii)(viii)", 
        "Site": "Jeju Volcanic Island and Lava Tubes", 
        "Area ha (acre)": "9,475 (23,410)", 
        "Location": "Jeju", 
        "Year": "2007"
    }, 
    {
        "Description": "", 
        "Image": "/wiki/File:Chongmyo_repository_(1509268349).jpg", 
        "Criteria": "Cultural: (iv)", 
        "Site": "Jongmyo Shrine", 
        "Area ha (acre)": "19 (47)", 
        "Location": "Seoul", 
        "Year": "1995"
    }, 
    {
        "Description": "", 
        "Image": "/wiki/File:Khitai5.jpg", 
        "Criteria": "Cultural: (ii)(iv)", 
        "Site": "Namhansanseong", 
        "Area ha (acre)": "409 (1,010)", 
        "Location": "Gyeonggi", 
        "Year": "2014"
    }, 
    {
        "Description": "", 
        "Image": "/wiki/File:Sejong_tomb_1.jpg", 
        "Criteria": "Cultural: (iii)(iv)(vi)", 
        "Site": "Royal Tombs of the Joseon Dynasty", 
        "Area ha (acre)": "1,891 (4,670)", 
        "Location": "Gyeonggi, Seoul", 
        "Year": "2009"
    }, 
    {
        "Description": "", 
        "Image": "/wiki/File:Bulguk_Tempel.jpg", 
        "Criteria": "Cultural: (i)(iv)", 
        "Site": "Seokguram Grotto and Bulguksa Temple", 
        "Area ha (acre)": "", 
        "Location": "North Gyeongsang", 
        "Year": "1995"
    }
]